<?xml version='1.0'?>
<home version='7400' exportFlags='17' name='astron.sh3d' camera='topCamera' wallHeight='250.0'>
  <environment groundColor='00A8A8A8' skyColor='00CCE4FC' lightColor='00D0D0D0'/>
  <observerCamera attribute='observerCamera' lens='PINHOLE' x='50.0' y='50.0' z='170.0' yaw='5.4977875' pitch='0.19634955' fieldOfView='1.0995575' time='1737979200000'/>
  <camera attribute='topCamera' lens='PINHOLE' x='1057.7216' y='643.3208' z='1431.3267' yaw='1.756618' pitch='1.0407969' fieldOfView='1.0995575' time='1737979200000'/>
  <doorOrWindow catalogId='eTeks#door' name='Door' creator='eTeks' model='1' x='447.00003' y='287.31018' angle='1.5707964' width='90.0' depth='14.500751' height='180.0' modelMirrored='true' color='FFFF9E2B' modelSize='14086' movable='false' cutOutShape='M0,0 v1 h1 v-1 z' wallCutOutOnBothSides='true'/>
  <doorOrWindow catalogId='eTeks#door' name='Door' creator='eTeks' model='1' x='447.00003' y='385.31018' angle='1.5707964' width='90.0' depth='14.500751' height='180.0' color='FFFF9E2B' modelSize='14086' movable='false' cutOutShape='M0,0 v1 h1 v-1 z' wallCutOutOnBothSides='true'/>
  <pieceOfFurniture catalogId='eTeks#texturableBox' name='Counter' creator='eTeks' model='3/texturableBox.obj' x='282.5' y='817.8102' angle='3.1415927' width='38.0' depth='274.0' height='75.0' color='FFFF9E2B' modelSize='1661'/>
  <pieceOfFurniture catalogId='eTeks#texturableBox' name='Counter' creator='eTeks' model='3/texturableBox.obj' x='25.249992' y='837.8102' angle='3.1415927' width='40.0' depth='310.0' height='210.0' color='FFFF9E2B' modelSize='1661'/>
  <pieceOfFurniture catalogId='eTeks#texturableBox' name='Counter' creator='eTeks' model='3/texturableBox.obj' x='174.24998' y='975.8102' angle='4.712389' width='40.0' depth='254.0' height='210.0' color='FFFF9E2B' modelSize='1661'/>
  <doorOrWindow catalogId='eTeks#frontDoor' name='Front door' creator='eTeks' model='5' x='549.99994' y='998.5185' angle='3.1415927' width='120.0' depth='9.584083' height='208.5' color='FFFF9E2B' modelSize='24179' movable='false' cutOutShape='M0,0 v1 h1 v-1 z' wallCutOutOnBothSides='true'/>
  <pieceOfFurniture catalogId='eTeks#texturableBox' name='Counter' creator='eTeks' model='3/texturableBox.obj' x='104.5' y='699.3102' angle='4.712389' width='40.0' depth='114.0' height='210.0' color='FFFF9E2B' modelSize='1661'/>
  <doorOrWindow catalogId='eTeks#door' name='Door' creator='eTeks' model='1' x='559.0' y='114.06013' width='90.0' depth='14.500751' height='180.0' modelMirrored='true' color='FFFF9E2B' modelSize='14086' movable='false' cutOutShape='M0,0 v1 h1 v-1 z' wallCutOutOnBothSides='true'/>
  <doorOrWindow catalogId='eTeks#doubleWindow126x123' name='Double small window' creator='eTeks' model='7' x='377.24997' y='676.91016' elevation='87.0' width='132.0' depth='10.200749' height='134.0' color='FFFF9E2B' modelSize='13503' movable='false' cutOutShape='M0,0 v1 h1 v-1 z' wallCutOutOnBothSides='true'/>
  <doorOrWindow catalogId='eTeks#doubleWindow126x123' name='Double small window' creator='eTeks' model='7' x='450.1494' y='158.31018' elevation='87.0' angle='4.712389' width='85.0' depth='10.200749' height='120.0' color='FF11E6FF' modelSize='13503' movable='false' cutOutShape='M0,0 v1 h1 v-1 z' wallCutOutOnBothSides='true'/>
  <doorOrWindow catalogId='eTeks#doubleWindow126x123' name='Double small window' creator='eTeks' model='7' x='399.24997' y='1000.91016' elevation='87.0' width='120.0' depth='10.200749' height='120.0' color='FFFF9E2B' modelSize='13503' movable='false' cutOutShape='M0,0 v1 h1 v-1 z' wallCutOutOnBothSides='true'/>
  <pieceOfFurniture catalogId='eTeks#texturableBox' name='Box' creator='eTeks' model='3/texturableBox.obj' x='27.750004' y='335.0' elevation='163.0' angle='4.712389' width='120.0' depth='45.0' height='75.0' modelSize='1661'/>
  <pieceOfFurniture catalogId='eTeks#table' name='Table' creator='eTeks' model='9' x='358.5' y='553.0602' width='150.0' depth='75.0' height='74.0' modelSize='5486'/>
  <pieceOfFurniture catalogId='eTeks#armchair' name='Armchair' creator='eTeks' model='11' x='369.0' y='625.8102' angle='3.1415927' width='60.0' depth='75.0' height='120.0' modelSize='104093'/>
  <pieceOfFurniture catalogId='eTeks#chair2' name='Chair' creator='eTeks' model='13' x='407.8' y='478.5102' width='48.600002' depth='49.9' height='80.0' modelSize='16429'/>
  <pieceOfFurniture catalogId='eTeks#chair2' name='Chair' creator='eTeks' model='13' x='313.8' y='478.5102' width='48.600002' depth='49.9' height='80.0' modelSize='16429'/>
  <pieceOfFurniture catalogId='eTeks#table' name='Table' creator='eTeks' model='9' x='43.750008' y='505.31018' angle='4.712389' width='316.0' depth='75.0' height='70.0' modelSize='5486'/>
  <pieceOfFurniture catalogId='eTeks#stool' name='Stool' creator='eTeks' model='15' x='247.5' y='633.5602' width='40.0' depth='40.0' height='46.0' modelSize='19756'/>
  <pieceOfFurniture catalogId='eTeks#armchair' name='Armchair' creator='eTeks' model='11' x='210.75' y='98.960205' angle='4.712389' width='60.0' depth='75.0' height='120.0' modelSize='104093'/>
  <pieceOfFurniture catalogId='eTeks#table' name='Table' creator='eTeks' model='9' x='301.09998' y='80.31018' angle='1.5707964' width='150.0' depth='75.0' height='74.0' modelSize='5486'/>
  <pieceOfFurniture catalogId='eTeks#chair2' name='Chair' creator='eTeks' model='13' x='420.8' y='130.86017' angle='1.5707964' width='48.600002' depth='49.9' height='80.0' modelSize='16429'/>
  <pieceOfFurniture catalogId='eTeks#chair2' name='Chair' creator='eTeks' model='13' x='417.45' y='29.610184' angle='1.5707964' width='48.600002' depth='49.9' height='80.0' modelSize='16429'/>
  <pieceOfFurniture catalogId='eTeks#table' name='Table' creator='eTeks' model='9' x='43.750015' y='169.81018' angle='4.712389' width='320.0' depth='77.0' height='70.0' modelSize='5486'/>
  <pieceOfFurniture catalogId='eTeks#stool' name='Stool' creator='eTeks' model='15' x='207.5' y='195.56018' width='40.0' depth='40.0' height='46.0' modelSize='19756'/>
  <pieceOfFurniture catalogId='eTeks#curtains' name='Curtains' creator='eTeks' model='17/curtains.obj' x='89.74999' y='505.81018' elevation='8.5' angle='4.712389' width='332.0' depth='17.0' height='225.0' modelSize='38679'/>
  <pieceOfFurniture catalogId='eTeks#curtains' name='Curtains' creator='eTeks' model='17/curtains.obj' x='90.750015' y='167.81018' elevation='8.5' angle='4.712389' width='332.0' depth='17.0' height='225.0' modelSize='38679'/>
  <pieceOfFurniture catalogId='eTeks#sofa2' name='Sofa' creator='eTeks' model='19' x='373.75' y='958.30975' angle='3.1415927' width='140.0' depth='75.0' height='88.0' modelSize='55383'/>
  <pieceOfFurniture catalogId='eTeks#chair2' name='Chair' creator='eTeks' model='13' x='580.8' y='755.2602' angle='1.5707964' width='48.600002' depth='49.9' height='80.0' modelSize='16429'/>
  <pieceOfFurniture catalogId='eTeks#chair2' name='Chair' creator='eTeks' model='13' x='572.8' y='813.86017' angle='1.5707964' width='48.600002' depth='49.9' height='80.0' modelSize='16429'/>
  <pieceOfFurniture catalogId='eTeks#chair2' name='Chair' creator='eTeks' model='13' x='580.8' y='695.2602' angle='1.5707964' width='48.600002' depth='49.9' height='80.0' modelSize='16429'/>
  <pieceOfFurniture catalogId='eTeks#chair2' name='Chair' creator='eTeks' model='13' x='580.8' y='635.86017' angle='1.5707964' width='48.600002' depth='49.9' height='80.0' modelSize='16429'/>
  <pieceOfFurniture catalogId='eTeks#chair2' name='Chair' creator='eTeks' model='13' x='580.8' y='575.86017' angle='1.5707964' width='48.600002' depth='49.9' height='80.0' modelSize='16429'/>
  <pieceOfFurniture catalogId='eTeks#chair2' name='Chair' creator='eTeks' model='13' x='342.8' y='829.86017' angle='1.5707964' width='48.600002' depth='49.9' height='80.0' modelSize='16429'/>
  <wall id='wall-2ab18c10-2615-418d-b4a3-83f15e2309f1' wallAtStart='wall-a9081efc-e67a-43e2-8562-bd9f5737a118' wallAtEnd='wall-6977fcb4-f9af-4f5d-907b-a5e96369a78b' xStart='609.5' yStart='1.5601807' xEnd='609.5' yEnd='999.5602' height='250.0' thickness='7.5' pattern='hatchUp' topColor='FF61EBFF' leftSideColor='FF61EBFF' rightSideColor='FF61EBFF'/>
  <wall id='wall-6977fcb4-f9af-4f5d-907b-a5e96369a78b' wallAtStart='wall-0b9eaee6-385c-4485-9ad7-6237fc5fc9aa' wallAtEnd='wall-2ab18c10-2615-418d-b4a3-83f15e2309f1' xStart='1.4999564' yStart='999.5602' xEnd='609.5' yEnd='999.5602' height='250.0' thickness='7.5' pattern='hatchUp' topColor='FF61EBFF' leftSideColor='FF61EBFF' rightSideColor='FF61EBFF'/>
  <wall id='wall-2b5381f7-049f-4d7c-a69e-abd684e4b7ab' xStart='1.5' yStart='337.56018' xEnd='449.5' yEnd='337.56018' height='150.0' thickness='7.5' pattern='hatchUp' topColor='FF61EBFF' leftSideColor='FF61EBFF' rightSideColor='FF61EBFF'/>
  <wall id='wall-e617fac8-2b1d-4f47-ba40-d5325202f792' xStart='1.5' yStart='675.5602' xEnd='449.5' yEnd='675.5602' height='250.0' thickness='7.5' pattern='hatchUp' topColor='FF61EBFF' leftSideColor='FF61EBFF' rightSideColor='FF61EBFF'/>
  <wall id='wall-2bb1d601-ad36-4e4f-84bc-93038aab0c50' wallAtStart='wall-298f6165-2b47-4cf2-b4ec-5006c8f109ef' wallAtEnd='wall-a9081efc-e67a-43e2-8562-bd9f5737a118' xStart='1.5' yStart='1.5601807' xEnd='449.5' yEnd='1.5601807' height='250.0' thickness='7.5' pattern='hatchUp' topColor='FF61EBFF' leftSideColor='FF61EBFF' rightSideColor='FF61EBFF'/>
  <wall id='wall-a9081efc-e67a-43e2-8562-bd9f5737a118' wallAtStart='wall-2bb1d601-ad36-4e4f-84bc-93038aab0c50' wallAtEnd='wall-2ab18c10-2615-418d-b4a3-83f15e2309f1' xStart='449.5' yStart='1.5601807' xEnd='609.5' yEnd='1.5601807' height='250.0' thickness='7.5' pattern='hatchUp' topColor='FF61EBFF' leftSideColor='FF61EBFF' rightSideColor='FF61EBFF'/>
  <wall id='wall-2583dbed-8978-4c58-9767-37540f6e947f' xStart='457.5' yStart='111.56018' xEnd='601.5' yEnd='111.56018' height='250.0' thickness='7.5' pattern='hatchUp' topColor='FF61EBFF' leftSideColor='FF61EBFF' rightSideColor='FF61EBFF'/>
  <wall id='wall-5e4eae5e-0e25-48c8-8a4c-814aae7a94c5' wallAtEnd='wall-d3daff06-11fa-4c2c-9bcd-b996eb676e61' xStart='449.5' yStart='1.5601807' xEnd='449.5' yEnd='337.56018' height='250.0' thickness='7.5' pattern='hatchUp' topColor='FF61EBFF' leftSideColor='FF61EBFF' rightSideColor='FF61EBFF'/>
  <wall id='wall-d3daff06-11fa-4c2c-9bcd-b996eb676e61' wallAtStart='wall-5e4eae5e-0e25-48c8-8a4c-814aae7a94c5' xStart='449.5' yStart='337.56018' xEnd='449.49997' yEnd='675.5602' height='250.0' thickness='7.5' pattern='hatchUp' topColor='FF61EBFF' leftSideColor='FF61EBFF' rightSideColor='FF8DFFF6'/>
  <wall id='wall-298f6165-2b47-4cf2-b4ec-5006c8f109ef' wallAtStart='wall-2bb1d601-ad36-4e4f-84bc-93038aab0c50' wallAtEnd='wall-d6eceee9-b5a3-44e0-b67d-b310510c6a0b' xStart='1.5' yStart='1.5601807' xEnd='1.5' yEnd='337.56018' height='250.0' thickness='7.5' pattern='hatchUp' topColor='FF61EBFF' leftSideColor='FF61EBFF' rightSideColor='FF61EBFF'/>
  <wall id='wall-d6eceee9-b5a3-44e0-b67d-b310510c6a0b' wallAtStart='wall-298f6165-2b47-4cf2-b4ec-5006c8f109ef' wallAtEnd='wall-0b9eaee6-385c-4485-9ad7-6237fc5fc9aa' xStart='1.5' yStart='337.56018' xEnd='1.5' yEnd='675.5602' height='250.0' thickness='7.5' pattern='hatchUp' topColor='FF61EBFF' leftSideColor='FF8DFFF6' rightSideColor='FF61EBFF'/>
  <wall id='wall-0b9eaee6-385c-4485-9ad7-6237fc5fc9aa' wallAtStart='wall-d6eceee9-b5a3-44e0-b67d-b310510c6a0b' wallAtEnd='wall-6977fcb4-f9af-4f5d-907b-a5e96369a78b' xStart='1.5' yStart='675.5602' xEnd='1.4999564' yEnd='999.5602' height='250.0' thickness='7.5' pattern='hatchUp' topColor='FF61EBFF' leftSideColor='FF61EBFF' rightSideColor='FF61EBFF'/>
  <room id='room-ba0101db-438c-4b58-9863-bd8c5cc10f34' areaVisible='true' floorColor='FFFFFFFF' ceilingVisible='false' ceilingFlat='true'>
    <point x='3.5' y='-0.43981934'/>
    <point x='603.5' y='-0.43981934'/>
    <point x='603.5' y='997.5602'/>
    <point x='3.5' y='997.56024'/>
  </room>
  <room id='room-55c6a246-1a1a-4337-8d28-48ad2f97b131' name='Chamber 1' areaVisible='true' floorColor='FFFF9E2B' ceilingFlat='true'>
    <point x='5.25' y='7.3101807'/>
    <point x='5.25' y='333.31018'/>
    <point x='445.75' y='333.31018'/>
    <point x='445.75' y='7.3101807'/>
  </room>
  <room id='room-d4d058a9-c78d-487b-91f3-e66ed17b4e19' name='chamber 2' areaVisible='true' floorColor='FFC3FFF0' ceilingFlat='true'>
    <point x='5.25' y='343.31018'/>
    <point x='5.25' y='669.3102'/>
    <point x='445.75' y='669.3102'/>
    <point x='445.75' y='343.31018'/>
  </room>
  <room id='room-0d63ce76-0ddf-4bef-99db-15fa03724f24' name='reception cum medicine' areaVisible='true' floorColor='FFFFCA11' ceilingFlat='true'>
    <point x='5.24997' y='679.3102'/>
    <point x='5.249956' y='995.8102'/>
    <point x='305.24997' y='995.8102'/>
    <point x='305.24997' y='679.3102'/>
  </room>
  <room id='room-965b6ade-92ac-448f-a1b2-4b5388e9f15c' name='store room' areaVisible='true' floorColor='FFFFE1B3' ceilingFlat='true'>
    <point x='453.25' y='5.3101807'/>
    <point x='453.25' y='105.31018'/>
    <point x='605.75' y='105.31018'/>
    <point x='605.75' y='5.3101807'/>
    <point x='453.25' y='5.3101807'/>
  </room>
</home>