<?xml version='1.0'?>
<home version='7400' exportFlags='17' name='astron2.sh3d' camera='topCamera' wallHeight='250.0'>
  <environment groundColor='00A8A8A8' skyColor='00CCE4FC' lightColor='00D0D0D0'/>
  <observerCamera attribute='observerCamera' lens='PINHOLE' x='50.0' y='50.0' z='170.0' yaw='5.4977875' pitch='0.19634955' fieldOfView='1.0995575' time='1737979200000'/>
  <camera attribute='topCamera' lens='PINHOLE' x='1276.7184' y='202.37225' z='1407.2816' yaw='1.2716376' pitch='0.8957985' fieldOfView='1.0995575' time='1737979200000'/>
  <pieceOfFurniture catalogId='eTeks#texturableBox' name='Counter' creator='eTeks' model='1/texturableBox.obj' x='185.74998' y='935.8102' angle='3.1415927' width='32.0' depth='120.0' height='75.0' color='FFFF9E2B' modelSize='1661'/>
  <pieceOfFurniture catalogId='eTeks#texturableBox' name='Counter' creator='eTeks' model='1/texturableBox.obj' x='25.24999' y='842.8102' angle='3.1415927' width='40.0' depth='300.0' height='210.0' color='FFFF9E2B' modelSize='1661'/>
  <doorOrWindow catalogId='eTeks#frontDoor' name='Front door' creator='eTeks' model='3' x='549.99994' y='998.5185' angle='3.1415927' width='120.0' depth='9.584083' height='208.5' color='FFFF9E2B' modelSize='24179' movable='false' cutOutShape='M0,0 v1 h1 v-1 z' wallCutOutOnBothSides='true'/>
  <doorOrWindow catalogId='eTeks#doubleWindow126x123' name='Double small window' creator='eTeks' model='5' x='84.0' y='496.21017' elevation='87.0' angle='3.1415927' width='85.0' depth='10.200749' height='120.0' color='FF11E6FF' modelSize='13503' movable='false' cutOutShape='M0,0 v1 h1 v-1 z' wallCutOutOnBothSides='true'/>
  <doorOrWindow catalogId='eTeks#doubleWindow126x123' name='Double small window' creator='eTeks' model='5' x='399.24997' y='1000.91016' elevation='87.0' width='120.0' depth='10.200749' height='120.0' color='FFFF9E2B' modelSize='13503' movable='false' cutOutShape='M0,0 v1 h1 v-1 z' wallCutOutOnBothSides='true'/>
  <pieceOfFurniture catalogId='eTeks#texturableBox' name='Box' creator='eTeks' model='1/texturableBox.obj' x='305.75' y='33.31018' elevation='200.0' width='120.0' depth='45.0' height='75.0' modelSize='1661'/>
  <pieceOfFurniture catalogId='eTeks#armchair' name='Armchair' creator='eTeks' model='7' x='50.099968' y='232.9602' angle='4.712389' width='60.0' depth='75.0' height='120.0' modelSize='104093'/>
  <pieceOfFurniture catalogId='eTeks#table' name='Table' creator='eTeks' model='9' x='125.099976' y='228.31018' angle='1.5707964' width='150.0' depth='75.0' height='74.0' modelSize='5486'/>
  <pieceOfFurniture catalogId='eTeks#chair2' name='Chair' creator='eTeks' model='11' x='55.450012' y='385.61017' angle='3.1415927' width='48.600002' depth='49.9' height='80.0' modelSize='16429'/>
  <pieceOfFurniture catalogId='eTeks#table' name='Table' creator='eTeks' model='9' x='152.25' y='43.81018' width='295.0' depth='77.0' height='70.0' modelSize='5486'/>
  <pieceOfFurniture catalogId='eTeks#curtains' name='Curtains' creator='eTeks' model='13/curtains.obj' x='151.25' y='90.81018' elevation='8.5' width='292.0' depth='17.0' height='225.0' modelSize='38679'/>
  <pieceOfFurniture catalogId='eTeks#sofa2' name='Sofa' creator='eTeks' model='15' x='42.74998' y='594.30975' angle='4.712389' width='140.0' depth='75.0' height='88.0' modelSize='55383'/>
  <pieceOfFurniture catalogId='eTeks#chair2' name='Chair' creator='eTeks' model='11' x='580.8' y='755.2602' angle='1.5707964' width='48.600002' depth='49.9' height='80.0' modelSize='16429'/>
  <pieceOfFurniture catalogId='eTeks#chair2' name='Chair' creator='eTeks' model='11' x='572.8' y='813.86017' angle='1.5707964' width='48.600002' depth='49.9' height='80.0' modelSize='16429'/>
  <pieceOfFurniture catalogId='eTeks#chair2' name='Chair' creator='eTeks' model='11' x='580.8' y='695.2602' angle='1.5707964' width='48.600002' depth='49.9' height='80.0' modelSize='16429'/>
  <pieceOfFurniture catalogId='eTeks#chair2' name='Chair' creator='eTeks' model='11' x='580.8' y='635.86017' angle='1.5707964' width='48.600002' depth='49.9' height='80.0' modelSize='16429'/>
  <pieceOfFurniture catalogId='eTeks#chair2' name='Chair' creator='eTeks' model='11' x='580.8' y='575.86017' angle='1.5707964' width='48.600002' depth='49.9' height='80.0' modelSize='16429'/>
  <pieceOfFurniture catalogId='eTeks#chair2' name='Chair' creator='eTeks' model='11' x='258.8' y='971.5102' angle='1.5707964' width='48.600002' depth='49.9' height='80.0' modelSize='16429'/>
  <pieceOfFurniture catalogId='eTeks#chair2' name='Chair' creator='eTeks' model='11' x='135.45001' y='375.61017' angle='3.1415927' width='48.600002' depth='49.9' height='80.0' modelSize='16429'/>
  <pieceOfFurniture catalogId='eTeks#stool' name='Stool' creator='eTeks' model='17' x='49.5' y='131.81018' width='40.0' depth='40.0' height='46.0' modelSize='19756'/>
  <pieceOfFurniture catalogId='eTeks#table' name='Table' creator='eTeks' model='9' x='450.25' y='43.81018' width='295.0' depth='77.0' height='70.0' modelSize='5486'/>
  <pieceOfFurniture catalogId='eTeks#curtains' name='Curtains' creator='eTeks' model='13/curtains.obj' x='449.25' y='90.81018' elevation='8.5' width='292.0' depth='17.0' height='225.0' modelSize='38679'/>
  <pieceOfFurniture catalogId='eTeks#stool' name='Stool' creator='eTeks' model='17' x='347.5' y='131.81018' width='40.0' depth='40.0' height='46.0' modelSize='19756'/>
  <pieceOfFurniture catalogId='eTeks#armchair' name='Armchair' creator='eTeks' model='7' x='348.09998' y='232.9602' angle='4.712389' width='60.0' depth='75.0' height='120.0' modelSize='104093'/>
  <pieceOfFurniture catalogId='eTeks#table' name='Table' creator='eTeks' model='9' x='423.09998' y='228.31018' angle='1.5707964' width='150.0' depth='75.0' height='74.0' modelSize='5486'/>
  <pieceOfFurniture catalogId='eTeks#chair2' name='Chair' creator='eTeks' model='11' x='521.45' y='271.61017' angle='1.5707964' width='48.600002' depth='49.9' height='80.0' modelSize='16429'/>
  <pieceOfFurniture catalogId='eTeks#chair2' name='Chair' creator='eTeks' model='11' x='519.45' y='195.61017' angle='1.5707964' width='48.600002' depth='49.9' height='80.0' modelSize='16429'/>
  <doorOrWindow catalogId='eTeks#doubleWindow126x123' name='Double small window' creator='eTeks' model='5' x='524.0' y='496.21017' elevation='87.0' angle='3.1415927' width='85.0' depth='10.200749' height='120.0' color='FF11E6FF' modelSize='13503' movable='false' cutOutShape='M0,0 v1 h1 v-1 z' wallCutOutOnBothSides='true'/>
  <doorOrWindow catalogId='eTeks#doorFrame' name='Door frame' creator='eTeks' model='19' x='245.25' y='497.56027' angle='3.1415927' width='90.0' depth='7.5' height='180.0' color='FFFF9E2B' modelSize='1281' movable='false' cutOutShape='M0,0 v1 h1 v-1 z' wallCutOutOnBothSides='true'/>
  <doorOrWindow catalogId='eTeks#doorFrame' name='Door frame' creator='eTeks' model='19' x='355.25' y='497.56027' angle='3.1415927' width='90.0' depth='9.50075' height='180.0' color='FFFF9E2B' modelSize='1281' movable='false' cutOutShape='M0,0 v1 h1 v-1 z' wallCutOutOnBothSides='true'/>
  <pieceOfFurniture catalogId='eTeks#chair2' name='Chair' creator='eTeks' model='11' x='132.79999' y='951.86017' angle='4.712389' width='48.600002' depth='49.9' height='80.0' modelSize='16429'/>
  <pieceOfFurniture catalogId='eTeks#chair2' name='Chair' creator='eTeks' model='11' x='256.8' y='901.86017' angle='1.5707964' width='48.600002' depth='49.9' height='80.0' modelSize='16429'/>
  <wall id='wall-2ab18c10-2615-418d-b4a3-83f15e2309f1' wallAtEnd='wall-6977fcb4-f9af-4f5d-907b-a5e96369a78b' xStart='609.5' yStart='1.5601807' xEnd='609.5' yEnd='999.5602' height='270.0' thickness='7.5' pattern='hatchUp' topColor='FF61EBFF' leftSideColor='FF61EBFF' rightSideColor='FF61EBFF'/>
  <wall id='wall-6977fcb4-f9af-4f5d-907b-a5e96369a78b' wallAtStart='wall-0b9eaee6-385c-4485-9ad7-6237fc5fc9aa' wallAtEnd='wall-2ab18c10-2615-418d-b4a3-83f15e2309f1' xStart='1.4999564' yStart='999.5602' xEnd='609.5' yEnd='999.5602' height='250.0' thickness='7.5' pattern='hatchUp' topColor='FF61EBFF' leftSideColor='FF61EBFF' rightSideColor='FF61EBFF'/>
  <wall id='wall-2b5381f7-049f-4d7c-a69e-abd684e4b7ab' xStart='5.5' yStart='497.56018' xEnd='599.5' yEnd='497.56018' height='270.0' thickness='7.5' pattern='hatchUp' topColor='FF61EBFF' leftSideColor='FF61EBFF' rightSideColor='FF61EBFF'/>
  <wall id='wall-2bb1d601-ad36-4e4f-84bc-93038aab0c50' wallAtStart='wall-298f6165-2b47-4cf2-b4ec-5006c8f109ef' xStart='1.5' yStart='1.5601807' xEnd='599.5' yEnd='1.5601807' height='270.0' thickness='7.5' pattern='hatchUp' topColor='FF61EBFF' leftSideColor='FF61EBFF' rightSideColor='FF61EBFF'/>
  <wall id='wall-5e4eae5e-0e25-48c8-8a4c-814aae7a94c5' xStart='301.5' yStart='5.5601807' xEnd='301.5' yEnd='491.56018' height='180.0' thickness='7.5' pattern='hatchUp' topColor='FF61EBFF' leftSideColor='FF61EBFF' rightSideColor='FF61EBFF'/>
  <wall id='wall-298f6165-2b47-4cf2-b4ec-5006c8f109ef' wallAtStart='wall-2bb1d601-ad36-4e4f-84bc-93038aab0c50' xStart='1.5' yStart='1.5601807' xEnd='1.4999706' yEnd='675.5602' height='250.0' thickness='7.5' pattern='hatchUp' topColor='FF61EBFF' leftSideColor='FF61EBFF' rightSideColor='FF61EBFF'/>
  <wall id='wall-0b9eaee6-385c-4485-9ad7-6237fc5fc9aa' wallAtEnd='wall-6977fcb4-f9af-4f5d-907b-a5e96369a78b' xStart='1.5' yStart='675.5602' xEnd='1.4999564' yEnd='999.5602' height='250.0' thickness='7.5' pattern='hatchUp' topColor='FF61EBFF' leftSideColor='FF61EBFF' rightSideColor='FF61EBFF'/>
  <room id='room-55c6a246-1a1a-4337-8d28-48ad2f97b131' name='Chamber 1' areaVisible='true' floorColor='FFFF9E2B' ceilingFlat='true'>
    <point x='1.25' y='5.3101807'/>
    <point x='1.25' y='491.31018'/>
    <point x='305.25' y='491.31018'/>
    <point x='294.25' y='1.5601807'/>
  </room>
  <room id='room-0d63ce76-0ddf-4bef-99db-15fa03724f24' name='reception cum medicine' areaVisible='true' floorColor='FFC3FFF0' ceilingFlat='true'>
    <point x='5.5' y='501.31018'/>
    <point x='5.249954' y='995.8102'/>
    <point x='605.75' y='995.8102'/>
    <point x='599.5' y='493.81018'/>
  </room>
  <room id='room-dea27e50-250f-434e-9d4a-b9cadfa68447' name='Chamber 1' areaVisible='true' floorColor='FFFFE1B3' ceilingFlat='true'>
    <point x='305.25' y='9.310181'/>
    <point x='305.25' y='495.31018'/>
    <point x='609.25' y='495.31018'/>
    <point x='599.5' y='5.3101807'/>
  </room>
</home>